file	reference	hypothesis
11374448193102653504.wav	எங்களுடைய விளையாட்டு வீரர்கள் மற்றும் கிளப்புகளின் நலன்கள் மற்றும் அவர்களின் விளையாட்டு ஆகியவை தீர்மானிப்பதை விட எங்கள் நிறுவனத்திற்குள் அர்த்தமுள்ள மாற்றத்துடன் முன்னேறுவதன் மூலம் சிறப்பாக சேவை செய்யப்படலாம் என்ற usoc's அறிக்கையுடன் நாங்கள் உடன்படுகிறோம்	எங்களுடைய விளையாட்டு வீரர்கள் மற்றும் கிழப்புகளின் நலன்கள் மற்றும் அவர்களின் விளையாட்டு ஆகியவை தீர்மானிப்பதைவிட எங்கள் நிறுவனத்திற்கு அர்த்தமுள்ள மாற்றத்துடன் முன்னேறுவதன் மூலம் சிறப்பாக சேவை செய்யலாம் என்ற யுஎஸ்ஓசி அறிக்கையுடன் நாங்கள் உடன்படுகிறோம்
4394686197986852052.wav	வனவிலங்குகளின் வாழ்விடமாக விளங்கும் மணல் பட்டைகள் மற்றும் கடற்கரைகளை உருவாக்க இந்த வண்டல் அவசியம்	வனவிலங்குகளின் வாழ்விடமாக விளங்கும் மணல் பட்டைகள் மற்றும் கடற்கரைகளை உருவாக்க இந்த வண்டல் அவசியம்
8988129491561122267.wav	அது வெறும் சோதனை செய்தல் மட்டும் கிடையாது மற்றும் சோதனை என்பது ஒரு தேர்வு ஆகும் அது ஒன்று அல்லது அதற்கு மேற்பட்ட சாத்தியமான புனைக்கருத்துக்களை நிராகரிக்கவும் கேள்விகள் கேட்கவும் மற்றும் குறிப்புகளை உருவாக்கவும் மேலும் அறிவியல் சோதனைகளுக்கு வழிகாட்டவும் பயன்படுகிறது	அது வெறும் சோதனை செய்தல் மட்டும் கிடையாது மற்றும் சோதனை என்பது ஒரு தேர்வு ஆகும் அது ஒன்று அல்லது அதற்கு மேற்பட்ட சாத்தியமான புனைக்கருத்துக்களை நிராகரிக்கவும் கேள்விகள் கேட்கவும் மற்றும் குறிப்புகளை உருவாக்கவும் மேலும் அறிவியல் சோதனைகளுக்கு வழிகாட்டவும் பயன்படுகிறது
12583250098003224463.wav	வேகவைக்கப்பட்ட பல ஜெர்மன் உணவுப்பொருட்களில் பாதாம் ஹேசல்நட் மற்றும் பிற மரங்களின் உலர் கொட்டைகள் இருக்கும் நன்கு பிரபலமடைந்த கேக் வகைகள் பெரும்பாலும் ஒரு அடர்த்தியான காபிக்கு ஏற்ற பொருத்தமாக இருக்கும்	வேக வைக்கப்பட்ட பல ஜெர்மன் உணவுப் பொருட்களில் பாதாம் ஹேசல்நட் மற்றும் பிற மரங்களின் உலர்கொட்டைகள் இருக்கும் நன்கு பிரபலமடைந்த கேக் வகைகள் பெரும்பாலும் ஒரு அடர்த்தியான காபிக்கு ஏற்ற பொருத்தமாக இருக்கும் வேக வைக்கப்பட்ட பல ஜெர்மன் உணவுப் பொருட்களில் பாதாம் ஹேசல்லன் மற்றும் பிற மரங்களில் உளிர்கொட்டைகள் இருக்கும் நன்கு பிரபலமடைந்த கேக் வகைகள் பெரும்பாலும் ஒரு ஒரு அடர்த்தியான காபிக்கு ஏற்ற பொருத்தமாக இருக்கும் வேகவைக்கப்பட்ட பல ஜெர்மன் உணவுப் பொருட்களில் பாதாம் ஹேசல்நட் மற்றும் பிற மலங்களின் உலர்கொட்டைகள் இருக்கும் நன்கு பிரபலமடைந்த கேக் வகைகள் பெரும்பாலும் ஒரு அடர்த்தியான காப்பிக்கு ஏற்ற பொருத்தமாக இருக்கும்
16405649845815215486.wav	போர் முடிந்து இரண்டு ஆண்டுகளுக்கு பிறகு முன்னாள் கூட்டாளிகள் இப்போது எதிரிகளாக மாறினர் மற்றும் பனிப்போர் தொடங்கியது	போர் முடிந்த இரண்டு ஆண்டுகளுக்குப் பிறகு முன்னாள் கூட்டாளிகள் இப்போது எதிரிகளாக மாறினர் மற்றும் பனிப்போர் தொடங்கியது
15799590202561385866.wav	இந்திய அணியானது கேப்டனின் விக்கெட்டை இழந்த பிறகு 36 ரன்கள் மட்டுமே எடுத்து 7 விக்கெட் இழப்பிற்கு இன்னிங்கை நிறைவு செய்தது	இந்திய அணியானது கேப்டனின் விக்கெட்டை இழந்த பிறகு முப்பத்தி ஆறு ரன்கள் மட்டுமே எடுத்து ஏழு விக்கெட் இழப்பிற்கு இன்னிங்கை நிறைவு செய்தது
3984260938922389680.wav	தீவுக்கூட்டங்களிலும் ஏரிகளிலும் படகுகள் அவசியமானதல்ல	தீவுக் கூட்டங்களிலும் ஏரிகளிலும் படகுகள் அவசியமானதல்ல
10810170781440039258.wav	மெட்ரோவில் வழக்கமான அறிவிப்புகள் கேடலன் மொழியில் மட்டுமே வழங்கப்படுகின்றன ஆனால் திட்டமிடப்படாத இடையூறுகள் ஸ்பானிஷ் ஆங்கிலம் பிரஞ்சு அரபு மற்றும் ஜப்பானிய உள்ளிட்ட பல்வேறு மொழிகளில் தன்னியல்பு முறையில் அறிவிக்கப்படுகின்றன	மைட்ரோவில் வழக்கமாக அறிவிப்புகள் கேடலன் மொழியில் மட்டுமே வழங்கப்படுகின்றன ஆனால் திட்டமிடப்படாத இடையூறுகள் ஸ்பானிஷ் ஆங்கிலம் பிரெஞ்சு அரபு மற்றும் ஜப்பானிய உள்ளிட்ட பல்வேறு மொழிகளில் தன்னியல்பு முறையில் அறிவிக்கப்படுகின்றன
4680489580145438899.wav	தோராயமாக 10 000 ஆண்டுகளுக்கு முன் ஈரானின் ஜாகரோஸ் மலைகளில் முதன் முதலில் ஆடுகள் வீட்டு விலங்காக வளர்க்கப்பட்டதாக தெரிகிறது	தோராயமாக பத்தாயிரம் ஆண்டுகளுக்கு முன் ஈரானின் ஜாகரோஸ் மலைகளில் முதன் முதலில் ஆடுகள் வீட்டு விலங்காக வளர்க்கப்பட்டதாகத் தெரிகிறது
14516850308917653491.wav	பின்னர் அவர் கேம்பிரிட்ஜில் உள்ள ஏட்டன்ப்ரூக் மருத்துவமனைக்கு மாற்றப்பட்டார்	பின்னர் அவர் கேம்பிரிட்ஜில் உள்ள ஏண்டன் புருக் மருத்துவமனைக்கு மாற்றப்பட்டார்
9646531899323625391.wav	வீட்டிற்கு திரும்பும் பயணிகளுக்கு பொறுமையும் புரிந்துகொள்ளுதலும் மிகவும் அவசியம் என்று மக்கள் எதிர்பார்க்க கூடாது	வீட்டுக்குத் திரும்பும் பயணிகளுக்கு பொறுமையும் பொருந்துகொள்ளுதலும் மிகவும் அவசியம் என்று மக்கள் எதிர்பார்க்கக் கூடாது
13789788666641396476.wav	சர்ச்களின் மத்திய அதிகாரம் கடந்த ஆயிரம் ஆண்டுகளுக்கு மேலாக ரோமில் இருந்து வருகிறது மற்றும் இந்த அதிகாரம் மற்றும் செல்வத்தின் ஒரே இடத்திலான செறிவு பல பேரை அடிப்படைக் கோட்பாடுகள் நிறைவேற்றப் படுகின்றனவா என்ற கேள்விக்கு இட்டுச் செல்கிறது	சர்ச்சுகளின் மத்திய அதிகாரம் கடந்த ஆயிரம் ஆண்டுகளுக்கு மேலாக ரோமிலிருந்து வருகிறது மற்றும் இந்த அதிகாரம் மற்றும் செல்வத்தின் ஒரே இடத்திலான செறிவு பல பேரை அடிப்படை கோட்பாடுகள் நிறைவேற்றப்படுகின்றனவா என்ற கேள்விக்கு இட்டுச் செல்கிறது
12419270068924722102.wav	கலிஃபோர்னியா கவர்னர் அர்னால்ட் ஸ்வார்ஸ்னேக்கர் சிறார்களுக்கு வன்முறை வீடியோ கேம்களை விற்பனை செய்வதையோ அல்லது வாடகைக்கு விடுவதையோ தடை செய்யும் மசோதாவில் கையெழுத்திட்டார்	கலிபோர்னியா கவர்னர் அர்னால்டு ஸ்காவன்ஸ்நேக்கர் சிறார்களுக்கு வன்முறை வீடியோ கேம்களை விற்பனை செய்வதையோ அல்லது வாடகைக்கு விடுவதையோ தடை செய்யும் மசோதாவில் கையெழுத்திட்டார்
4449395172841290588.wav	புதிதாக ஒரு விஷயம் வரும்போது கீபோர்டு என்ன மாயங்களைச் செய்யும் என்று ஒருவர் சிந்திக்க முடியும்	புதிதாக ஒரு விஷயம் வரும்போது கீபோர்டு என்ன மாயங்களை செய்யும் என்று ஒருவர் சிந்திக்க முடியும்
15704562416419335736.wav	பிலிப்பினே புகைப்படக் கலைஞர்களைப் போலவே ஆறு பணயக்கைதிகள் குழந்தைகள் மற்றும் முதியவர்கள் முதலில் விடுவிக்கப்பட்டனர்	பிலிப்பினை புகைப்படக் கலைஞர்களைப் போலவே ஆறு பயண கைதிகள் குழந்தைகள் மற்றும் முதியவர்கள் முதலில் விடுவிக்கப்பட்டனர்
16809653409666959176.wav	இந்த எதிர்ப்புகள் வெடித்தவுடன் பிரிட்டன் ஜெர்மனி மீது ஒரு கடற்படை முற்றுகையை ஆரம்பித்தது	இந்த எதிர்ப்புகள் விடுத்தவுடன் பிரிட்டன் ஜெர்மனி மீது ஒரு கடற்பறைமுற்றுகையை ஆரம்பித்தது
15424741834373706310.wav	கோயத் ஃபிக்டே மற்றும் ஸ்க்லீகல் போன்ற எழுத்தாளர்களிடமிருந்து பெறப்பட்ட கலாச்சார உறுதிக்கான மிகப் பெரிய அம்சம் ரொமான்டிசிஸத்தில் இருந்தது	கோயத் ஃபிக்டே மற்றும் ஸ்கிளீகள் போன்ற எழுத்தாளர்களிடமிருந்து பெறப்பட்ட கலாச்சார உறுதிக்கான மிகப்பெரிய அம்சம் கோயத் ஃபிக்டே மற்றும் ஸ்க்ளீகள் போன்ற எழுத்தாளர்களிடமிருந்து பெறப்பட்ட கலாச்சார உறுதிக்கான மிகப்பெரிய அம்சம் ரொமாண்டிசிசத்தில் இருந்தது
2636123653417715022.wav	சந்திரன் பூமியில் ஒரு இழுவை செலுத்தி அலைகளை ஏற்படுத்துகிறது அதே போல் பால்வீதி தனுசு விண்மீன் கூட்டம் மீது ஒரு சக்தியை செலுத்துகிறது	சந்திரன் பூமியில் ஒரு இழுவை செலுத்தி அலைகளை ஏற்படுத்துகிறது அதே போல் பால்வீதி தனுசு விண்மீன் கூட்டம் மீது ஒரு சக்தியை செலுத்துகிறது
12494463471733731059.wav	காட்டுக் குழந்தைகள் அவர்கள் கைவிடப்படுவதற்கு அல்லது ஓடிப்போவதற்கு முன் கடுமையான துஷ்பிரயோகங்களையோ அல்லது அதிர்ச்சியையோ அனுபவித்திருக்கலாம்	காட்டுக் குழந்தைகள் அவர்கள் கைவிடப்படுவதற்கு அல்லது ஓடிப்போவதற்கு முன் கடுமையான துஷ்பிரயோகங்களையோ அல்லது அதிர்ச்சியையோ அனுபவித்திருக்கலாம்
13921085305465440011.wav	பெரும்பாலான நவீன ஆராய்ச்சி தொலைநோக்கிகள் தொலைதூரப் பகுதிகளில் மகத்தான வசதிகளுடன் சாதகமான வளிமண்டல நிலைகளைக் கொண்டுள்ளன	பெரும்பாலான நவீன ஆராய்ச்சி தொலைநோக்கிகள் தொலைதூரப் பகுதிகளில் மகத்தான வசதிகளுடன் சாதகமான வளிமண்டல நிலைகளைக் கொண்டுள்ளன
15808714587424767438.wav	தற்போதைய சட்ட மன்ற மேலவை உறுப்பினர் மற்றும் அர்ஜெண்டினா ஜனாதிபதியின் மனைவியான கிரிஸ்டினா ஃபெர்னாண்டெஸ் டீ கிர்ச்னெர் தன் ஜனாதிபதி பதவியிற்கான வேட்பாளர் நிலையை நேற்று மாலை ப்யூனஸ் அயர்ஸிலிருந்து 50 கிலோமீட்டர் 31 மைல்கள் தொலைவிலுள்ள லா ப்ளாடா என்ற நகரத்தில் அறிவித்தார்	தற்போதைய சட்டமன்ற மேலவை உறுப்பினர் மற்றும் அர்ஜென்டினா ஜனாதிபதியின் மனைவியான கிறிஸ்டினா பெர்னாண்டோஸ்டி கிரிச்னர் தன் ஜனாதிபதி பதவியிற்கான வேட்பாளர் நிலையை நேற்று மாலை யூனிலிருந்து ஐம்பது கிலோமீட்டர் முப்பத்தொன்று மைல்கள் தொலைவில் உள்ள லாவ்லாட என்ற நகரத்தில் அறிவித்தார்
16570693514421394200.wav	பூமி நீர் காற்று நெருப்பு ஆகியவற்றின் ஒன்று அல்லது அதற்கு மேற்பட்ட நான்கு கூறுகளின் கலவையால் அனைத்தும் உருவாக்கப்படுகிறது என்று தத்துவஞானியான அரிஸ்டாட்டில் கூறினார்	பூமி நீர் காற்று நெருப்பு ஆகியவற்றின் ஒன்று அல்லது அதற்கு மேற்பட்ட நான்கு குறுகளின் கலவையால் அனைத்தும் உருவாக்கப்படுகிறது என்று தத்துவ ஞானியான அரிஸ்டாட்டில் கூறினார்
809206326947205371.wav	1960 முழுவதும் ஜான் எஃப் கென்னடியிடம் ஆலோசகராகவும் பிறகு லிண்டன் பி ஜான்சன் நிர்வாகத்திலும் ப்ஜெஜின்ஸ்கி பணிபுரிந்தார்	ஆயிரத்தி தொள்ளாயிரத்தி அறுபது முழுவதும் ஜான் எஃப் கனடியின் ஆலோசகராகவும் பிரகலிந்தன் பி ஜான்சன் நிர்வாகத்திலும் பிஜன்சிகி பணிபுரிந்தார்
17639350511034896590.wav	இதன் விளைவாக ஒரு தடையை கடக்க ஒன்றிணைந்து வேலை செய்யும் ஒரு நிறுவனத்தின் செயல்முறையானது வாடிக்கையாளரின் தேவையை பூர்த்தி செய்ய ஒரு புதிய புதுமையான செயல்முறைக்கு வழிவகுக்கலாம்	இதன் விளைவாக ஒரு தடையைக் கடக்க ஒன்றிணைந்து வேலை செய்யும் ஒரு நிறுவனத்தின் செயல்முறையானது வாடிக்கையாளரின் தேவையை பூர்த்தி செய்ய ஒரு புதிய புதுமையான செயல்முறைக்கு வழிவகுக்கலாம்
16237172692941004425.wav	தற்போதுள்ள 25 டன்லப்பின் அகலப் பக்கங்கள் தான் அந்த ஆவணத்தின் மிகப் பழைய எஞ்சி இருக்கும் பிரதிகள் அசல் கையெழுத்து பிரதி மிஞ்சவில்லை	தற்போதுள்ள இருபத்தி ஐந்து டன்லப்பின் அகல பக்கங்கள்தான் அந்த ஆவணத்தின் மிகப் பழைய எஞ்சி இருக்கும் பிரதிகள் அசல் கையெழுத்த பிரதி மிஞ்சவில்லை
13067504146152014387.wav	ஆஸ்ட்ரேலியாவின் மிட்செல் கௌர்லி ஆண்களுக்கான நிற்கும் சூப்பர் ஜி போட்டியில் பதினொன்றாம் இடத்தில் முடித்தார் செக் போட்டியாளரான ஒல்ட்ரிச் ஜெலினெக் ஆண்களுக்கான உட்காரும் சூப்பர் ஜி போட்டியில் பதினாறாம் இடத்தில் முடித்தார்	ஆஸ்திரேலியாவின் மிட்செல் ஹெல்ரி ஆண்களுக்கான நிற்கும் சூப்பர் ஜி போட்டியில் பதினெட்டாம் இடத்தில் முடித்தார் செக்போட்டியிலான ஓல்ட்ரிக் ஜெலினிக் ஆண்களுக்கான உட்காரும் சூப்பர் ஜி போட்டியில் பதினாறாம் இடத்தில் முடித்தார்
17251012872324237879.wav	ஹாங்காங் தீவுகள் ஹாங்காங் பிரதேசத்திற்கு அந்தப் பெயரைத் தந்துள்ளது மற்றும் அங்கு வரும் பயணியர்கள் அனைவரும் அதையே முக்கிய குவியமாக நினைக்கிறார்கள்	ஹாங்காங் தீவுகள் ஹாங்காங் பிரதேசத்திற்கு அந்த பெயரை தந்துள்ளது மற்றும் அங்கு வரும் பயணியர்கள் அனைவரும் அதையே முக்கிய குவியமாக நினைக்கிறார்கள்
364775093948954031.wav	இந்த நோய் குறித்த ஐ நா நிபுணர் டேனியல் லாண்டாக்னே கூறுகையில் இந்த அமைதியின்மை அமைதி காக்கும் படையினரால் ஏற்படக்கூடும் என்று கூறினார்	இந்த நோய் குறித்த ஐ நா நிபுணர் டேனியல் லேண்டே கூறுகையில் இந்த அமைதியின்மை அமைதி காக்கும் படையினரால் ஏற்படக்கூடும் என்று கூறுகிறார்
15659766761762294332.wav	மல்டோவாவின் தலைநகர் கிஷினோவ் உள்ளூர் மொழி ரோமானியன் ஆனால் பெரும்பாலும் ரஷ்ய மொழியே பயன்படுத்தப்படுகிறது	மால்டோவோவின் தலைநகர் கிஷோனோ உள்ளூர் மொழி ரோமானியனால் பெரும்பாலும் ரஷ்ய மொழியை பயன்படுத்தப்படுகிறது
16989398024822917306.wav	1963 இல் அணை கட்டப்பட்ட பிறகு ஆறு முழுவதும் படிவுகளைப் பரப்பும் பருவகால வெள்ளம் தடுக்கப்பட்டது	
15713746371999757149.wav	ஆளும் கட்சியான சௌத் வெஸ்ட் ஆஃப்ரிக்கா பீபிள்ஸ் ஆர்கனைசேஷன் ஸ்வேபோ பாராளுமன்ற தேர்தலில் தனது பெரும்பான்மையை தக்க வைத்துக் கொண்டது	ஆளும் கட்சியான சவுத் வெஸ்ட் ஆப்பிரிக்கா பீப்பிள்ஸ் ஆர்கனைசேஷன் ஸ்பேஃபோ பாராளுமன்றத் தேர்தலில் தனது பெரும்பான்மையை தக்கவைத்துக் கொண்டது
2324457463419149872.wav	இது தண்ணீருக்குள் நுழையும் எதையும் தாக்கியது டி ரெக்ஸ் போன்ற ஒரு பெரிய டைனோசர் கூட அதன் அளவுடன் நெருங்கமுடியாது	இது தண்ணீருக்குள் நுழையும் எதையும் தாக்கியது டிகிரக்ஸ் போன்ற ஒரு பெரிய டைனோசரஸ் கூட அதன் அளவுடன் நெருங்க முடியாது
36746169222973693.wav	இத்தாலியின் பல நகரங்களில் மற்றும் உலகெங்கும் குறிப்பாக போலந்தில் இதே போன்ற அமைப்புகள் ஏற்படுத்தப்பட்டன மற்றும் அவை அதிக மக்களால் பார்க்கப்பட்டன	இத்தாலியின் பல நகரங்களில் மற்றும் உலகெங்கும் குறிப்பாக போலந்தில் இதே போன்ற அமைப்புகள் ஏற்படுத்தப்பட்டன மற்றும் அவை அதிக மக்களால் பார்க்கப்பட்டன
4707539774130797944.wav	அதே வரிசையில் ஆண்கள் முழங்கால்களை மறைக்கும் கால்சட்டை அணிய வேண்டும்	அதே வரிசையில் ஆண்கள் முழங்கால்களை மறைக்கும் கால் சட்டை அணிய வேண்டும்
4889668890633349432.wav	அட்லாண்டிக் சூறாவளி தாக்கத்தின் பத்தாவது துணை வெப்பமண்டல புயலின் பெயர் ஜெர்ரி இன்று அட்லாண்டிக் பெருங்கடலில் இருந்து உருவானது	அட்லாண்டிக் சூறாவளி தாக்கத்தின் பத்தாவது துணை வெப்பமண்டல புயலின் பெயர் ஜெர்ரி இன்று அட்லாண்டிக் பெருகடலில் இருந்து உருவானது
6488741818703035418.wav	விர்சுவல் ஸ்கஃப்ஃபோல்ட்ஸ் மென்பொருளில் உள் வடிவமைக்கப்பட்டுள்ளன மேலும் மாணவர்கள் தனியாகக் கையாள சவாலாக இருக்கக்கூடிய நடைமுறைகளை கேள்வி தூண்டுதல் மற்றும் விளக்கும் வகையில் இருக்க வேண்டும்	விர்ச்சுவல் ஸ்கேப்போல்ஸ் மென்பொருளில் உள் வடிவமைக்கப்பட்டுள்ளன மேலும் மாணவர்கள் தனியாக கையாள சவாலாக இருக்கக்கூடிய நடைமுறைகளை கேள்வி தூண்டுதல் மற்றும் விளக்கும் வகையில் இருக்க வேண்டும்
1075365502858893792.wav	அதே போல் ஒரு ஷேன்கன் வீஸா வைத்திருந்தால் ஷேன்கன் உறுப்பினர் நாடுகளுக்குத் தனித்தனியாக ஒவ்வொன்றுக்குமென வீஸாவுக்கு விண்ணப்பிக்கத் தேவையில்லை அதனால் நேரம் பணம் மற்றும் ஆவண வேலைகளை மிச்சப்படுத்தலாம்	அதேபோல் ஒரு ஷேன்கண்ட் விசா வைத்திருந்தால் ஷேன்கண்ட் உறுப்பினர் நாடுகளுக்கு தனித்தனியாக ஒவ்வொன்றுக்குமென விசாவுக்கு விண்ணப்பிக்கத் தேவையில்லை அதனால் நேரம் பணம் மற்றும் ஆவண வேலைகளை மிச்சப்படுத்தலாம்
10265284731185110799.wav	துணி மிகவும் வெப்பமடைதலை அனுமதிக்காதபடி கவனமாக இருக்கவும் அதனால் துணி சுருங்கலாம் அல்லது தீவிர நிகழ்வுகளில் துணி தீயில் வாட்டப்படலாம்	துணி மிகவும் வெப்பமடைந்ததலை அனுமதிக்கப்படுவதிக் கவனமாக இருக்கவும் அதனால் துணி சுருங்கலாம் அல்லது தீவிர நிகழ்வுகளில் துணி தீயால் வாடப்படலாம்
9938012566507374279.wav	சில வினைச்சொற்கள் மற்றும் ஆப்ஜெக்ட் எனப்படும் வாக்கிய பகுதியை வேறுபடுத்துவதற்கு இது ஒரு முக்கியமான வழியாகும்	சில வினைச்சொற்கள் மற்றும் ஆப்ஜெக்ட் எனப்படும் வாக்கிய பகுதியை வேறுபடுத்துவதற்கு இது ஒரு முக்கியமான வழியாகும்
12190429909482538170.wav	2005 ஆம் நிதியாண்டில் ஆபாசத்தை தடுக்கும் முயற்சிக்கு நிதியளிக்கத் தொடங்கிய காங்கிரஸ் வயது வந்தோருக்கான ஆபாசப் படங்களுக்கு fbi 10 முகவர்களை ஒதுக்க வேண்டும் என்று குறிப்பிட்டது	இரண்டாயிரத்தி ஐந்தாம் நிதியாண்டில் ஆபாசத்தை தடுக்கும் முயற்சியில் நிதியளிக்கத் தொடங்கிய காங்கிரஸ் வயது வந்தோருக்கான ஆபாச படங்களுக்கு எஃபிஐ டென் முகவர்களை ஒதுக்க வேண்டும் என்று குறிப்பிட்டது
3125399671649949081.wav	இது முடிவுப்பெறப் போவதில்லை இது ஒரு அத்தியாயத்தின் முடிவு மற்றும் ஒரு புதிய அத்தியாயத்தின் தொடக்கமாகும்	இது முடிவு பெற்றுப் போவதில்லை இது ஒரு அத்தியாத்தின் முடிவு மற்றும் ஒரு புதிய அத்தியாயத்தின் தொடக்கமாகும்
5849486627252569352.wav	உங்கள் கைகளில் உள்ள ஈரப்பதமானது வெளிப்புறத்தோல் அடுக்குகளுடன் செயல்புரியும் இது ஒரு வேடிக்கையான உணர்வை கொடுக்கும் மற்றும் ஒரு வகையான மேல் ஓட்டை உருவாக்கும்	உங்கள் கைகளில் உள்ள ஈரப்பதமானது வெளிப்புறத் தோல் அடுக்குகளுடன் செயல்புரியும் இது ஒரு வேடிக்கையான உணர்வைக் கொடுக்கும் மற்றும் ஒரு வகையான மேல் ஓட்டை உருவாக்கும்
16994512103898776501.wav	பழங்காலத்தில் எடுக்கப்பட்ட தங்கம் வெள்ளி மற்றும் தாமிரம் போன்ற அடிப்படை வேதியியல் கூறுகளைப் பற்றி மக்கள் அறிந்திருக்கிறார்கள் ஏனெனில் இவை அனைத்தும் இயற்கையின் பூர்வீக வடிவத்தில் கண்டுபிடிக்கப்பட்டவை மேலும் பழமையான கருவிகளைக் கொண்டு செய்த சுரங்க வேலைகள் எளிமையானவை	பழங்காலத்தில் எடுக்கப்பட்ட தங்கம் வெள்ளி மற்றும் தாமிரம் போன்ற அடிப்படை வேதியல்கூறுகளைப் பற்றி மக்கள் அறிந்திருக்கிறார்கள் ஏனெனில் இவை அனைத்தும் இயற்கையின் பூர்வீக வடிவத்தில் கண்டுபிடிக்கப்பட்டவை மேலும் பழமையான கருவிகளைக் கொண்டு செய்த சுரங்க வேலைகள் எளிமையானவை
8528313579306979937.wav	உங்கள் மக்கள் மற்றும் பொருட்களை இடம்பெயர்க்கும் திறனை உங்கள் நாடு பராமரிப்பதை உறுதிப்படுத்துவதே கடற்படையின் பாரம்பரிய வேலையாகும் அதேநேரத்தில் தனது மக்கள் மற்றும் பொருட்களை இடம்பெயர்க்கும் உங்கள் எதிரியின் திறனில் தடை ஏற்படுத்துவதும் அவர்களின் வேலையே	உங்கள் மக்கள் மற்றும் பொருட்களை இடம்பெயர்க்கும் திறனை உங்கள் நாடு பராமரிப்பதை உறுதிப்படுத்துவதே கடற்பரையின் பாரம்பரிய வேலையாகும் அதே நேரத்தில் தனது மக்கள் மற்றும் பொருட்களை இடம்பெயர்க்கும் உங்கள் எதிரியின் திறனில் தடை ஏற்படுத்துவதும் அவர்களின் வேலையே
3772486440442656187.wav	இரண்டு தலைமுறைகளுக்கு இடையே பாகுபாடானது பிரித்தல் மற்றும் மறுசீரமைப்பு செய்தல் மூலம் முன்னும் பின்னுமாக கலந்து மாறுபாடு செய்கிறது	இரண்டு தலைமுறைகளுக்கு இடையே பாகுபாடானது பிரித்தல் மற்றும் மறுசீரமைப்பு செய்தல் மூலம் முன்னும் பின்னுமாக கலந்து மாறுபாடு செய்கிறது
15246360601390463779.wav	கண்ணுக்குத் தெரியாத அணி இருப்பது லார்சன் மற்றும் ல பாஸ்டோ 1989 பக்கம் 109 மெய்நிகர் அணிகளின் தனித்துவக் கூறு ஆகும்	கண்ணுக்குத் தெரியாத அணி இருப்பது லார்சன் மற்றும் லா பாஸ்டோ ஆயிரத்தி தொள்ளாயிரத்தி எம்பத்தி ஒன்பது பக்கம் நூத்தி ஒன்பது மெய்நிகர் அணிகளின் தனித்துவக்கூறு ஆகும்
8775008724390253274.wav	பிரபஞ்சத்தில் உள்ள அனைத்தும் பருப்பொருட்களால் ஆனவை அனைத்து பருப்பொருட்களும் அணுக்கள் எனப்படும் சிறிய துகள்களால் ஆனவை	பிரபஞ்சத்தில் உள்ள அனைத்தும் பருப்பொருட்களால் ஆனவை அனைத்து பருப்பொருட்களும் அணுக்கள் எனப்படும் சிறிய துகள்களால் ஆனவை
2782057474007593100.wav	வலைப்பதிவு என்பது நடைமுறையில் இருக்கும் பள்ளி நாளுக்கு அப்பால் மாணவர்களுக்கு கற்றலை நன்றாக விரிவாக ஊக்குவிக்கும் மற்றும் ஒத்துழைக்கும் ஒரு கருவியாகும்	வலைப்பதிவு என்பது நடைமுறையில் இருக்கும் பள்ளி நாளுக்கு அப்பால் மாணவர்களுக்கு கற்றளை நன்றாக விரிவாக ஊக்குவிக்கும் மற்றும் ஒத்துழைக்கும் ஒரு கருவியாகும்
3447895036743155196.wav	2007 இல் டைபே it மாதத்தில் உலகெங்கிலும் செலவு சேமிப்பு மற்றும் செயல்பாட்டுக் காரணிகளுக்காக அறிமுகப்படுத்திய asus eee pc பரபரப்பான தலைப்பாக மாறியது	இரண்டு ஆயிரத்தி ஏழில் டைஃபே ஐடி மாதத்தில் உலகெங்கிலும் செலவு சேமிப்பு மற்றும் செயல்பாட்டு காரணிகளுக்காக அறிமுகப்படுத்திய ஏஎஸ்யுஎஸ் இஇஇபிசி பரபரப்பான தலைப்பாக மாறியது
6653156519523540264.wav	லத்தீன் மொழியை பெரும்பாலும் மதச் சடங்குகளில் பயன்படுத்தினாலும் இத்தாலியன் மொழியும் அந்த நாட்டில் வேலை செய்யும் மக்கள் தினசரி பயன்படுத்தும் மொழியாகும்	இலத்தின் மொழியை பெரும்பாலும் மதச்சடங்குகளில் பயன்படுத்தினாலும் இத்தாலியின் மொழியும் அந்த நாட்டில் வேலை செய்ய மக்கள் தினசரி பயன்படுத்தும் மொழியாகும்
18441107373782162366.wav	இந்த வதந்திகளை அர்த்தமற்ற அரசியல் பேச்சு மற்றும் முட்டாள்தனம் என்று அவர் குறிப்பிட்டார்	இந்த வதந்திகளை அர்த்தமற்ற அரசியல் பேச்சு மற்றும் முட்டாள்தனம் என்று அவர் குறிப்பிட்டார் இந்த வதந்திகளை அர்த்தமற்ற அரசியல் பேச்சு மற்றும் முட்டாள்தனம் என்று அவர் குறிப்பிட்டார்
13637942669212386082.wav	இவ்வாறு பென்சில் தயாரித்து வெளிவந்த காலத்தில் பல மக்களுக்கு ஒரு நல்ல நண்பராக இருந்தது	இவ்வாறு பென்சில் தயாரித்து வெளிவந்த காலத்தில் பல மக்களுக்கு ஒரு நல்ல நண்பராக இருந்தது
7243098522223653827.wav	கிரேக்க மொழி அறிவு குறைந்து வருவதால் மேற்குப் பகுதி அதன் கிரேக்க தத்துவ மற்றும் விஞ்ஞான வேர்களிலிருந்து துண்டிக்கப்பட்டதாக உணர்கிறது	கிரேக்க மொழி அறிவு குறைந்து வருவதால் மேற்குப் பகுதி அதன் கிரேக்க தத்துவம் மற்றும் விஞ்ஞான வேறுகளிலிருந்து துண்டிக்கப்பட்டதாக உணர்கிறது
8706279663762549572.wav	இந்த இரு கலவைகளும் ஒன்றுடன் ஒன்று செயல்பட்டு சிறுநீரகம் செயல்படுவதை தடுக்கும் படிவங்களாக உருவாகும் என பல்கலைகழகத்தின் ஆய்வாளர்கள் கூறுகின்றனர்	இந்த இரு கலவைகளும் ஒன்றுடன் ஒன்று செயல்பட்டு சிறுநீரகம் செயல்படுவதை தடுக்கும் வடிவங்களாக உருவாகும் என பல்கலைக்கழகத்தின் ஆய்வாளர்கள் கூறுகின்றனர்
18011410809098397596.wav	வாடிகன் நகரின் மக்கள் தொகை சுமார் 800 ஆகும் இது உலகிலேயே மிகக் குறைந்த மக்கள் தொகை கொண்ட மிகச் சிறிய சுதந்திர நாடாகும்	வாடிக்க நகரின் மக்கள் தொகை சுமார் எண்ணூறு ஆகும் இது உலகிலேயே மிக குறைந்த மக்கள் தொகை கொண்ட மிகச் சிறிய சுதந்திர நாடாகும்
5486985658792634550.wav	அவற்றின் வெப்ப நிலை செயல்பாடு பூமியிலுள்ள மற்ற பெரிய குகைகளைப் போல பெரும்பாலும் ஒரே மாதிரியான வெப்பநிலையைக் கொண்டிருக்கவில்லை ஆனால் தரையில் இருக்கும் ஆழமான பள்ளங்களை ஒத்து இருந்தது என்றார் அமெரிக்க புவியியல் ஆய்வு usgs விண்வெளிப் புவியியல் அணி மற்றும் பிளாக்ஸ்டாஃப் அரிசோனாவில் இருக்கும் வட அரிசோனா பல்கலைக்கழகத்தின் கிளென் கூசிங்	அவற்றின் வெப்பநிலை செயல்பாடு பூமியிலுள்ள மிகப்பெரிய புவியல்களைப் போல பெரும்பாலும் ஒரே மாதிரியான வெப்பநிலையைக் கொண்டிருக்கவில்லை ஆனால் தரையில் இருக்கும் ஆழமான பள்ளங்களை ஒத்திருந்தது என்றார் அமெரிக்க புவியியல் ஆய்வு விண்வெளிப் புவியியல் அணி மற்றும் பிளாக் ஸ்டாஃப் அரிசோனாவில் இருக்கும் வட அரிசோனா பல்கலைக்கழகத்தின் கிள்கூசன்
6070624230714995840.wav	அமெரிக்காவின் பிரின்ஸ்டன் பல்கலைக்கழகம் மற்றும் சுவீடனில் உள்ள உப்சாலா பல்கலைக்கழகம் ஆகியவற்றின் ஆராய்ச்சியாளர்கள் புதிய இனங்கள் இரண்டு தலைமுறைகளில் உருவாகியுள்ளதாக தெரிவித்தனர் இருப்பினும் இந்த செயல்முறை அதிக நேரம் எடுக்கும் என்று நம்பப்பட்டது ஒரு இடையிடையே இனப்பெருக்கம் காரணபாக டார்டிஸ் பின்ச் ஜியோஸ்பிசா ஃபோர்டிஸ் மற்றும் இமிக்ரேட்ஸ் காடஸ் பிஞ்ச் ஜியோஸ்பிசா கான்ரோஸ்ரிட்ஸ் ஆகியவை உருவாகியுள்ளது	அமெரிக்காவின் பிரின்ஸ்டன் பல்கலைக்கழகம் மற்றும் ஸ்வீடனில் உள்ள உப்சாலா பல்கலைக்கழகம் ஆகியவற்றின் ஆராய்ச்சியாளர்கள் புதிய இனங்கள் இரண்டு தலைமுறைகள் உருவாகியுள்ளதாக தெரிவித்தனர் இருப்பினும் இந்த செயல்முறை அதிக நேரம் எடுக்கும் என்று நம்பப்பட்டது ஒரு இடையிடையே இனப்பிருக்கும் காரணமாக டார்டிஸ் பிஞ்ச் ஜியோஸ் பிஸா போர்டிஸ் மற்றும் இமிக்ரேட்ஸ் கேடஸ் பிஞ்ச் ஜியோஸ் பிஸா கான்ட்ரோஸ்ரீட்ஸ் ஆகியவை உருவாகியுள்ளது
15706478129072179547.wav	முஹம்மது அவர்கள் உலக வாழ்க்கைக்கு அப்பாற்பட்ட விஷயங்களில் ஆழ்ந்த ஈடுபாடு கொண்டிருந்தார் அவர் தவம் புரிவதற்காக நூர் ஒளி மலையில் உள்ள ஹிரா என்று பின்னர் அழைக்கப்பட்ட குகைக்கு அடிக்கடி சென்றார்	முகமது அவர்கள் உலக வாழ்க்கைக்கு அப்பாற்பட்ட விஷயங்களில் ஆழ்ந்து ஈடுபாடு கொண்டிருந்தார் அவர் தவம் புரிவதற்காக நூர் ஒளிமலையில் உள்ள ஹிரா என்ற பின்னர் அழைக்கப்பட்ட குகைக்கு அடிக்கடிச் சென்றார்
8038130874321762081.wav	சுந்தர்பான்ஸ் உலகின் மிகப் பெரிய சதுப்புநில பகுதியாகும் இது 80 km 50 mi பங்களாதேஷ் மற்றும் இந்திய கடற்கரையிலிருந்து விரிந்து அமைந்துள்ளது	சுந்தர்பான்ஸ் உலகின் மிகப்பெரிய சதுப்பு நிலம் பகுதியாகும் இது எண்பது கிலோமீட்டர் பங்களாதேஷ் மற்றும் இந்திய கடற்கரையிலிருந்து விரிந்து அமைந்துள்ளது
5611287105879353925.wav	புரட்சிக்குப் பிறகு எல்லாத் தொழில்களும் எல்லா ஆண் விண்ணப்ப தாரர்களுக்குமாக மிகவும் ஆர்வமும் வெற்றிகரமாகவும் இருந்தவர்கள் முன்னேற வகை செய்தது	புரட்சிக்குப் பிறகு எல்லா தொழில்களும் எல்லா ஆண் விண்ணப்பதாரர்களுக்குமாக மிகவும் ஆர்வமும் வெற்றிகரமாகவும் இருந்தவர்கள் முன்னேற வகை செய்தது
5395986611239832030.wav	ஏ ஐ என்பது அவர் அறிவியல் புதினத்திறகு பெரும் தொடர்புடையதாக இருந்தாலும் ஏ ஐ கணினி அறிவியலின் ஒரு முக்கியமான கிளை இயந்திரத்தின் நடத்தை கற்றல் மற்றும் புத்திசாலித்தனமான மாற்றம் போன்றவற்றைக் கையாள்கிறது	ஏஐ என்பது அவர் அறிவியல் புதினத்திற்கு பெரும் தொடர்புடையதாக இருந்தாலும் ஏஐ கணினி அறிவியலின் ஒரு முக்கியமான கிளை இயந்திரத்தின் நடத்தை கற்றல் மற்றும் புத்திசாலித்தனமான மாற்றம் போன்றவற்றை கையாளுகிறது
13487525807318297121.wav	இரவு முழுவதும் 150 முதல் 200 பிரதிகள் வரை உருவாக்கப்பட்டன இப்போது அவை டன்லப் ப்ராட்சைட்ஸ் என்று அழைக்கப்படுகின்றன	இரவு முழுவதும் நூற்றம்பது முதல் இருநூறு பிரதிகள் வரை உருவாக்கப்பட்டன இப்போது அவை டன்லசைட்ஸ் என்று அழைக்கப்படுகிறது
10278812186982315493.wav	இதன் விளைவாக இரண்டு2 மீன் வகைகள் அழிந்துவிட்டன மேலும் ஹம்ப்பேக் சப் உட்பட மற்ற இரண்டு 2 அழியும் நிலையில் உள்ளன	இதன் விளைவாக இரண்டு மீன் வகைகள் அழிந்துவிட்டன மேலும் ஹம்பெக்சப் உட்பட மற்ற இரண்டு அழியும் நிலையில் உள்ளன
11869715128659673867.wav	உண்மையில் அது இருப்பதை ஒருவர் அறிந்திருந்தாலும் அதைக் கண்டுபிடிப்பது எளிதல்ல குகைக்குள் ஒருமுறை சென்றால் அது மொத்த தனிப்படுத்தல் ஆகும்	உண்மையில் அது இருப்பதை ஒருவர் அறிந்திருந்தாலும் அதை கண்டுபிடிப்பது எளிதல்ல குகைக்குள் ஒருமுறை சென்றால் அது மொத்த தனிப்படுத்தல் ஆகும்
1294130993793345841.wav	ரோலண்டோ மென்டோசா தனது m16 துப்பாக்கியைப் பயன்படுத்தி சுற்றுலா பயணிகளைச் சுட்டார்	ரோலாண்டோ மெண்டோசா தனது டெம் பதினாறு துப்பாக்கியைப் பயன்படுத்தி சுற்றுலா பயணிகளைச் சுட்டார்
9366268600040591477.wav	ஆளுனர் அலுவலக நிர்வாகத்தினர் காயமடைந்தவர்களில் பத்தொன்பது பேர்கள் காவல்துறை அதிகாரிகள் என்று கூறினர்	ஆளுநர் அலுவலக நிர்வாகத்தினர் காயமடைந்தவர்களில் பத்தொன்பது பேர்கள் காவல்துறை அதிகாரிகள் என்று கூறினர்
8180906179056355416.wav	ஹைகிங் பாதையைப் போன்ற பனிச்சறுக்கு பாதையைப் பற்றிச் சிந்தியுங்கள்	ஹைக்கிங் பாதையை போன்ற பனிச்செருக்குப் பாதையை பற்றி சிந்தியுங்கள்
6297287319982845660.wav	உங்களுக்கு ரோமானிய மொழி தெரிந்தால் போர்ச்சிகிசியம் கற்றுக்கொள்வது சுலபமாக இருக்கும் என்பதை சொல்ல தேவையில்லை	உங்களுக்கு ரோமானிய மொழி தெரிந்தால் போர்கிகிசியம் கற்றுக்கொள்வது சுலபமாக இருக்கும் என்பதை சொல்லத் தேவையில்லை
11390526111098559948.wav	1920 களில் பெரும்பாலான குடிமக்கள் மற்றும் தேசங்களின் பரவலான மனப்போக்கு அமைதியையும் தனிமையையும் சார்ந்து இருந்தது	ஆயிரத்தி தொள்ளாயிரத்தி இருபதுகளில் பெரும்பாலான குடிமக்கள் மற்றும் தேசங்களின் பரவலான மனப்போக்கு அமைதியையும் தனிமையையும் சார்ந்து இருந்தது
812231242952027094.wav	தொலைக்காட்சி அறிக்கைகள் ஆலையிலிருந்து வெண்ணிறப் புகை வெளிவருவதை காண்பித்தன	தொலைக்காட்சி அறிக்கைகள் ஆலையிலிருந்து வெண்ணிற புகை விளைவிருவதைக் காண்பித்தன
11721920966211826712.wav	இந்த நகரம் ஆப்ரிக்காவில் உள்ள சில மலிவான மலை கொரில்லா கண்காணிப்புடன் சேர்ந்து நைரகோங்கோ எரிமலையை ஏறுவதற்கான தளமாகவும் இருக்கிறது	இந்த நகரம் ஆப்பிரிக்காவில் உள்ள சில மலிவான மலைகொரில்லா கண்காணிப்புடன் சேர்ந்து நைரங்கோங்கோ எரிமலையை ஏறுவதற்கான தளமாகவும் இருக்கிறது
15116179027152529028.wav	எங்களுக்கு நிச்சயமாகத் தெரியவில்லை அதன் பற்கள் மிகவும் கூர்மையாக இருந்தது இருக்கலாம் அதனுடைய உணவில் ஆமைகள் பெரிய மீன்கள் மற்றும் மொசாசர்கள் அடங்கும் அது ஒரு நரமாமிசமாவும் கூட இருந்து இருக்கலாம்	எங்களுக்கு நிச்சயமாகத் தெரியவில்லை அதன் பட்கள் மிகவும் கூர்மையாக இருந்தது இருக்கலாம் அதனுடைய உணவில் ஆமைகள் பெரிய மீன்கள் மற்றும் மொசாசர்கள் அடங்கும் அது ஒரு நரமாமிசமாவும் கூட இருந்து இருக்கலாம்
5514569255931928980.wav	இந்த படிகங்களின் கூறுகளானது இன்ஃப்ராரெட் ஸ்பெக்ட்ரோஸ்கோபியுடன் ftir ஒப்பிடும்போது பாதிக்கப்பட்ட செல்லப்பிராணிகளின் சிறுநீரில் காணப்படும் கூறுகளோடு பொருந்துகிறது	இந்தப் படிகங்களின் குறுகளானது இன்பரோஸ்ட் ஸ்பேக்ரட்லோசூகோப்பின் எப்டிஐஆர் ஒப்பிடும்போது பாதிக்கப்பட்ட செல்லப்பிராணிகளின் சிறுநீரில் காணப்படும் குறுகளோடு பொருந்துகிறது
7072322088721766894.wav	சில கப்பல் பயணங்கள் பெர்லின் ஜெர்மனியை சிற்றேடுகளில் கொண்டுள்ளது மேலேயுள்ள வரைபடத்திலிருந்து நீங்கள் காண்பது போல பெர்லின் கடலுக்கு அருகில் இல்லை நகர வருகைக்கான விலை கப்பல் பயணத்தில் சேர்க்கப்படவில்லை	சில கப்பல் பயணங்கள் பெர்லின் ஜெர்மனியைச் சிற்றேடுகளில் கொண்டுள்ளது மேலேயுள்ள வரைபடத்திலிருந்து நீங்கள் காண்பது போல பெர்லின் கடலுக்கு அருகில் இல்லை நகர வருகைக்கான விலை கப்பல் பயணத்தில் சேர்க்கப்படவில்லை சில கப்பல் பயணங்கள் பெர்லின் ஜெர்மனியை சிற்றேடுகளில் கொண்டுள்ளது மேலேயுள்ள வரைபடத்திலிருந்து நீங்கள் காண்பது போல பெர்லின் கடலுக்கு அருகில் இல்லை நகர வருகைக்கான விலை கப்பல் பயணத்தில் சேர்க்கப்படவில்லை
13716141321785744682.wav	களத்திற்கு செல்லும் சிறு பிரயாணத்தை காட்சி முறையில் பகிர்ந்து கொள்வது பயணத்தை சிறந்த முறையில் பிரதிபலிக்கும் வழியாகும் மற்றும் வருங்கால வகுப்புக்களுடன் அனுபவத்தைப் பகிர்ந்து கொள்வதுமாகும்	களத்திற்குச் செல்லும் சிறு பிரயாணத்தை காட்சி முறையில் பகிர்ந்துகொள்வது பயணத்தை சிறந்த முறையில் பிரதிபலிக்கும் வழியாகும் மற்றும் அனுபவத்தை பகிர்ந்து கொள்வதுமாகும்
8441853866290441810.wav	தாவரங்கள் மனிதர்கள் சுவாசிக்கும் ஆக்ஸிஜனை உருவாக்குகின்றன மேலும் அவை மனிதர்கள் சுவாசித்து வெளியேற்றும் அதாவது வெளிவிடும் கார்பன் டை ஆக்சைடை எடுத்துக்கொள்கின்றன	தாவரங்கள் மனிதர்கள் சுவாசிக்கும் ஆக்சிஜனை உருவாக்குகின்றன மேலும் அவை மனிதர்கள் சுவாசித்து வெளியேற்றும் அதாவது வெளிவிடும் கார்பன் டை ஆக்சைடை எடுத்துக் கொள்கின்றனர்
5822753051032514651.wav	சந்திரனின் மேற்பரப்பு பாறைகள் மற்றும் தூசுகளால் ஆனது சந்திரனின் வெளிப்புற அடுக்கு க்ரஸ்ட் என்று அழைக்கப்படுகிறது	சந்திரனின் மேற்பரப்பு பாறைகள் மற்றும் தூசுகளால் ஆனது சந்திரனின் வெளிப்புற அடுக்கு கிரஸ்ட் என்று அழைக்கப்படுகிறது
15483395239406333984.wav	மத்திய கிழக்கின் வெதுவெதுப்பான காலநிலையில் வீடு அவ்வளவு முக்கியத்துவம் வாய்ந்ததாக இல்லை	மத்திய கிழக்கின் வெது வெதுப்பான காலநிலையில் வீடு அவ்வளவு முக்கியத்துவம் வாய்ந்ததாக இல்லை
476297602406433337.wav	கடுமையான வானிலை என்பது எந்த ஒரு ஆபத்தான வானிலை நிகழ்வுக்கும் சொல்லக்கூடிய பொதுவான வார்த்தையாகும் இது சேதம் கடுமையான சமூக இடையூறு அல்லது மனித உயிர் இழப்புகளை ஏற்படுத்தும் சாத்திய கூறுகளைக் கொண்டதாகும்	கடுமையான வானிலை என்பது எந்த ஒரு ஆபத்தான வானிலை நிகழ்வுக்கும் சொல்லக்கூடிய பொதுவான வார்த்தையாகும் இது சேதம் கடுமையான சமூக இடையூறு அல்லது மனித உயிர் இழப்புகளை ஏற்படுத்தும் சாத்தியக்கூறுகளைக் கொண்டதாகும்
17182069236126936377.wav	இந்தக் கோளின் நதிகளிலிருந்து கடலில் கொட்டுவதில் ஒரு முழு 20 சதவீதத் தண்ணீர் அமேசானிலிருந்து வருகிறது	இந்த கோளின் நதிகளிலிருந்து கடலில் கெட்டுவதில் ஒரு முழு இருபது சதவீத தண்ணீர் அம்னோசினிலிருந்து வருகிறது
14072381461147347914.wav	இந்த இடத்தைத் தான் பிரிட்டிஷ் காலனிக்காரர்கள் தங்களுக்கு சொந்தமானதென்று கருதினர் எனவே நீங்கள் பிரதேசத்தின் காலனித்துவ சம்பந்தப்பட்ட கடந்த காலச் சான்றுகளைத் தேடுகிறீர்களென்றால் இந்த இடத்தில் இருந்து தொடங்குவது சிறந்ததாகும்	இந்த இடத்தைத்தான் பிரிட்டிஷ் காலனிக்காரர்கள் தங்களுக்கு சொந்தமானதென்று கருதினர் எனவே நீங்கள் பிரதேசத்தின் காலனித்துவ சம்பந்தப்பட்ட கடந்த காலச் சான்றுகளைத் தேடுகின்றீர்களென்றால் இந்த இடத்திலிருந்து தொடங்குவது சிறந்ததாகும்
8565785292310471736.wav	எல்லாப் பெயர்ச்சொற்களும் sie என்ற வார்த்தையுடன் எப்போதும் ஒரு வாக்கியத்தின் நடுவில் கூட கேப்பிடல் எழுத்துடன் தொடங்குகின்றன	எல்லா பெயர் சொற்களும் சை என்ற வார்த்தையுடன் எப்போதும் ஒரு வாக்கியத்தின் நடுவில் கூட கேப்பிட்டல் எழுத்துடன் தொடங்குகின்றன
2509080635135534396.wav	வெளிவந்த இரகசிய செய்தியின்படி ஆவணம் பாலஸ்தீனம் 1967இல் நடந்த மத்தியக் கிழக்கு போரின் போது இருந்த எல்லையை உரிமை கொண்டாடுவதைக் குறித்த எல்லை முரண்பாடு குறித்ததாக இருக்கும்	வெளிவந்த இரகசிய செய்தியின்படி ஆவணம் பாலஸ்தீனம் ஆயிரத்தி தொள்ளாயிரத்தி அறுபத்தி ஏழில் நடந்த மத்திய கிழக்கு போரின் போது இருந்த எல்லை உரிமம் கொண்டாடுவதை குறித்த எல்லை முரண்பாடு குறித்ததாக இருக்கும்
12226404557793405844.wav	ஞாயிற்றுக்கிழமை பிற்பகுதியில் அமெரிக்க அதிபர் டொனால்ட் டிரம்ப் பத்திரிகை செயலாளர் வழியாக வழங்கிய அறிக்கையில் அமெரிக்கத் துருப்புகள் சிரியாவை விட்டு வெளியேறப்போவதாக அறிவித்தார்	ஞாயிற்றுக்கிழமை பிற்பகுதியில் அமெரிக்க அதிபர் டொனால்டு டிரம்ப் பத்திரிகை செயலாளர் வழியாக வழங்கிய அறிக்கையில் அமெரிக்க துருப்புகள் சிரியாவை விட்டு வெளியேற்றப் போவதாக அறிவித்தார்
4213591741027285476.wav	குண்டலினி யோகா மூலம் குண்டலினி ஆற்றல் அறிவொளி ஆற்றல் யோகா நிலைகள் சுவாச பயிற்சிகள் மந்திரங்கள் மற்றும் மனக்காட்சிப்படுத்தல் மூலம் செயல்படுத்தப் படுகிறது	குண்டலினி யோகா மூலம் குண்டலினி ஆற்றல் அறிவொளி ஆற்றல் யோகா நிலைகள் சுவாச பயிற்சிகள் மந்திரங்கள் மற்றும் மனக்காட்சிப்படுத்துதல் மூலம் செயல்படுத்தப்படுகிறது
496426812657170208.wav	பொழுதுபோக்கு கைவினைகள் தொலைநிலை தரவு மற்றும் குரல் தேவைகள் கொண்ட சுற்றுப்பயணங்கள் உள்ளிட்ட கப்பலால் சேவை அடிக்கடி பயன்படுத்தபடுகிறது	பொழுதுபோக்குக் கைவினைகள் தொலைநிலை தரவு மற்றும் குரல் தேவைகள் கொண்ட சுற்றுப்பயணங்கள் உள்ளிட்ட கப்பலால் சேவை அடிக்கடி பயன்படுத்தப்படுகிறது
7080503501820907101.wav	எபோலாவினால் ஏற்படும் உயிரிழப்புகளைக் குறைக்கும் என நம்பப்படும் ஒரே ஒரு சோதனை தடுப்பூசியைத் தவிர வேறு எந்த மருந்தும் தற்போதுள்ள தொற்றிற்கு ஏற்ப சிகிச்சை அளிப்பவையாக செயல்படவில்லை	எபோலாவினால் ஏற்படும் உயிரிழப்புகளை குறைக்கும் என நம்பப்படும் ஒரே ஒரு சோதனை தடுப்பூசியைத் தவிர வேறு எந்த மருந்தும் தற்போதுள்ள தொற்றுக்கு ஏற்பு சிகிச்சை அளிப்பவையாக செயல்படவில்லை
11466316209132124206.wav	எந்த தயாரிக்கப்பட்டப் பொருட்கள் பழம்பொருட்கள் என்பதற்கு எந்தவொரு உலகளாவிய வரைமுறையும் இல்லை சில வரி நிறுவனங்கள் 100 வருடங்களுக்கு பழமையான பொருட்களை பழம்பொருட்கள் என வரையறுக்கின்றன	எந்தத் தயாரிக்கப்பட்ட பொருட்கள் பழம்பொருட்கள் என்பதற்கு எந்தவொரு உலகளாவிய வரைமுறையும் இல்லை சில வரி நிறுவனங்கள் நூறு வருடங்களுக்கு பழமையான பொருட்களை பழம்பொருட்கள் என வரையறுக்கப்படுகின்றன
11733633381770894803.wav	ஏரோஸ்மித் அவர்களின் சுற்றுப்பயணத்தில் மீதமுள்ள இசை நிகழ்ச்சிகளை ரத்து செய்தார்	ஹெரோஸ்மித் அவர்களின் சுற்றுப்பயணத்தில் மீதமுறை செய்ய நிகழ்ச்சிகளை ரத்து செய்தார்
10492180655284660774.wav	நிகழ்வுகள் நிகழ்ந்த காலம் பொதுவாக உயர் மத்திய காலங்கள் என்று குறிப்பிடப்படுகிறது 11 12 வது மற்றும் 13 ஆம் நூற்றாண்டுகளில் ஐரோப்பிய வரலாற்றின் காலம் கி பி 1000 1300	நிகழ்வுகள் நிகழ்ந்த காலம் பொதுவாக உயர் மத்திய காலங்கள் என்று குறிப்பிட படுகிறது பதினொன்று பன்னிரண்டு மற்றும் பதிமூன்றாம் நூற்றாண்டுகளில் ஐரோப்பிய வரலாற்றின் காலம் கிபி ஆயிரம் முதல் ஆயிரத்தி முன்னூறு
13871963685686168470.wav	சுந்தரவனக் காடுகள் யுனெஸ்கோவின் உலக பாரம்பரிய தளமாக அறிவிக்கப்பட்டுள்ளது இந்திய எல்லைக்குள் உள்ள சுந்தரவனத்தின் பகுதி சுந்தர்வன தேசிய பூங்கா என்று அழைக்கப்படுகிறது	சுந்தரவனக்காடுகள் யுனெஸ்கோவின் உலக பாரம்பரிய தலமாக அறிவிக்கப்பட்டுள்ளது இந்திய எல்லைக்குள் உள்ள சுந்தரவனத்தின் பகுதி சுந்தரவன தேசியப் பூங்கென்று அழைக்கப்படுகிறது
3145634975908769035.wav	தீயணைப்பு மீட்பு குழுவினரால் இரவு 11 35 மணியளவில் தீ அணைக்கப்பட்டது	தீயணைப்பு மீட்புக் குழுவிருந்தானதால் இரவு பதினொன்று முப்பத்தி ஐந்து மணி அளவில் தீயணைக்கப்பட்டது
4302968592801758690.wav	நீதி மற்றும் குடியுரிமைக்கான ஹைடியன் நிறுவனம் நேபாளிய ஐக்கிய நாட்டு அமைதிப்படை அறியாமலே ஹைடியிற்கு நோயைக் கொண்டு வந்ததைக் குறிப்பிடும் தனிப்பட்ட ஆராய்ச்சியை மேற்கோள் காட்டியுள்ளது	நீதி மற்றும் குடியுரிமைக்கான ஹைத்தியன் நிறுவனம் நேபாளிய ஐக்கிய நாட்டு அமைதிப்படை அறியாமலேயே ஹைட்டியிற்கு நோயை கொண்டு வந்ததை குறிப்பிடும் தனிப்பட்ட ஆராய்ச்சியை மேற்கொள் காட்டியுள்ளது
12166938650565952101.wav	வடக்கே உலக புகழ்பெற்ற மரியன் மாய தோற்றங்களின் இடமான நம்முடைய லேடி ஆஃப் ஃபாத்திமாவின் கோவில் பெரிய தெய்வ இல்லத்தைப் பார்வையிடவும்	வடக்கே உலக புகழ்பெற்ற மரியின் மாயத் தோற்றங்களின் இடமான நம்முடைய லேடி ஆப் பாத்திமாவின் கோவில் பெரிய தெய்வ இல்லத்தைப் பார்வையிடவும்
13458635184390188045.wav	காஸாபிளாங்கா மொத்த மொரக்கோவிலும் பொருள்கள் வாங்க மிகக் குறைந்த ஆர்வம் தரும் இடங்களில் ஒன்று1	காசாபிலாங்கா மொத்த மொரோக்காவிலும் பொருட்கள் வாங்க மிகக் குறைந்த ஆர்வம் தரும் இடங்களில் ஒன்று காசாபிலாங்கா மொத்த மொரக்கோவிலும் பொருட்கள் வாங்க மிகக் குறைந்த ஆர்வம் தரும் இடங்களில் ஒன்று ஒன்று
11755765312115758326.wav	சோதிக்கப்பட்ட வேதிப்பொருளில் உள்ள ஹைட்ரஜன் ph இல் உள்ள h அயனிகளின் அளவால் ph நிலை குறிக்கப்படுகிறது	சோதிக்கப்பட்ட வேதிப்பொருளில் உள்ள ஹைட்ரஜன் பிஹெச்சில் உள்ள ஹெச் அயனிகளின் அளவால் பிஹெச் நிலை குறிக்க படுகிறது
7513774994143423859.wav	1537 ல் ஏற்றத்தின் அஸ்திவாரம் என்பதிலிருந்து பராகுவே அதனுடைய உள்நாட்டு குணங்களையும் அடையாளத்தையும் தக்க வைத்துக் கொண்டிருக்கிறது	ஆயிரத்தி ஐநூற்றி முப்பத்தி ஏழில் ஏற்றத்தின் அஸ்திவாரம் என்பதிலிருந்து பராகுவே அதனுடைய உள்நாட்டு குணங்களையும் அடையாளத்தையும் தக்கவைத்துக் கொண்டிருக்கிறது
2667782357496403461.wav	ஈராக்கை நோக்கிய நிர்வாகத்தின் தற்போதைய கொள்கையின் ஒவ்வொரு அம்சத்தையும் இந்த அறிக்கை மிகவும் விமர்சிக்கிறது மேலும் இது உடனடியாக திசையை மாற்ற வலியுறுத்துகிறது	ஈராக்கை நோக்கிய நிர்வாகத்தின் தற்போதைய கொள்கையின் ஒவ்வொரு அம்சத்தையும் இந்த அறிக்கை மிகவும் விமர்சிக்கிறது மேலும் இது உடனடியாக திசையை மாற்ற வலியுறுத்துகிறது
1757571322193555151.wav	கிசாவில் உள்ள பெரிய பிரமிடு இன்றும் நிலைத்திருக்கும் ஏழு அதிசயங்களில் ஒன்றாகும்	கீசாவில் உள்ள பெரிய பிரமிடு இன்றும் நிலைத்திருக்கும் ஏழு அதிசயங்களில் ஒன்றாகும்
8197077719175898848.wav	அது விச்சி பிரெஞ்சு மக்களால் ஆட்சி செய்யப்பட்டது இந்த பிரெஞ்சு மக்கள்தான் 1940களில் ஜெர்மானியர்களுடன் அமைதி ஒப்பந்தம் செய்தார்கள் மற்றும் அவர்களுடன் போராடுவதற்கு பதிலாக எல்லை மீறி நுழைபவர்களுடன் இணைந்து பணிபுரிந்தார்கள்	அது விச்சி பிரெஞ்சு மக்களால் ஆட்சி செய்யப்பட்டது இந்த பிரெஞ்சு மக்கள்தான் ஆயிரத்தி தொள்ளாயிரத்தி நாற்பதுகளில் ஜெர்மனியர்களுடன் அமைதி ஒப்பந்தம் செய்தார்கள் மற்றும் அவர்களுடன் போராடுவதற்குப் பதிலாக எல்லை மீறி நுழைபவர்களுடன் இணைந்து பணிபுரிந்தார்கள்
