file	english_reference	from_human_text	from_speech
7251883826251297781.wav	Think of the skiing route as of a similar hiking route.	Think of a ski route as a hiking route.	Think of a ski route as a hiking trail.
14585676639063535081.wav	Accepted were Aristotle's views on all matters of science, including psychology.	Aristotle's views on all aspects of science, including psychology, are accepted.	Astut's views on all matters of science, including psychology, are accepted.
13603726120458761913.wav	towards the end of the Middle Ages western Europe began to develop their own style. one of the biggest developments of the time as a result of the crusades people began to use buttons to fasten clothing.	At the end of the Middle Ages Western Europe began to develop its own style. As a result of the Wars of Religion, one of the greatest developments of the time, people began using buttons to bind clothes.	At the end of the Middle Ages Western Europe began to develop its own style as a result of the Wars of Religion, one of the greatest developments of the time, people began to use buttons to bind clothes.
4887139028898752213.wav	He did not set a figure for the cuts, saying they will be made based on China's economic output.	Noting that they will be built on the basis of China 's economic output, they did not set any figures for the cuts.	Saying they would be based on China's economic output, they did not set any figures for the cuts.
2815903452265068889.wav	Sharing a field trip virtually is also a great way to reflect a on a trip and share experiences with future classes.	In fact, sharing field trips is a great way to consider travel and experience with future classes.	In fact, sharing field trips is a great way to think about travel and experience with future classes.
579454037541708253.wav	On the outlying islands credit cards will probably not be accepted, although British and United States currency may be taken; check with the owners in advance to determine what is an acceptable payment method.	Credit cards will probably not be accepted on the outer islands, although British and United States currencies will be acceptable; to determine what is the acceptable payment method, ask the owners first.	Credit cards will probably not be accepted on the outer islands although the currency of Britain and the United States will be acceptable to determine what is the acceptable payment method.
17513590083002413490.wav	Most of the smaller islands are independent nations, or associated with France, and known as luxury beach resorts.	Most of the small islands are independent nations, or belong to France and are known as luxury beach resorts.	Most of the small islands are independent nations or belong to France and are known as luxury beach resorts.
15964620684926881659.wav	Be firm in turning down men, and don't be afraid to stand your ground (cultural differences or not, it doesn't make it ok!).	Strongly reject men and stick to your point (cultural differences do not make it right!).	It doesn't work out if there are or aren't any cultural differences between men and whether they're firmly rejecting men and sticking to what they're saying.
3624137600069882012.wav	Cuomo, 53, began his governorship earlier this year and signed a bill last month legalizing same-sex marriage.	Earlier this year, Kuomo, 53, began his reign and last month signed a bill legalizing same-sex marriage.	Earlier this year, the thirty-year-old Kuomo began his reign and last month signed a bill legalizing same-sex marriage.
13918355105007022779.wav	Traffic Flow is the study of the movement of individual drivers and vehicles between two points and the interactions they make with one another.	Traffic flow is the study of the activity of individual drivers and vehicles between two points and their interaction with each other.	Traffic part is the study of the activity of individual drivers and vehicles between two points and the interaction with each other.
2209942949403736703.wav	This will allow players to control actions and movements in video games by moving the device through the air.	This will allow players to control action and movement by moving the device in the air.	This will allow players to control action and movement by moving the device in the air.
9632791299638996282.wav	High winds, hail, excessive precipitation, and wildfires are forms and effects of severe weather, as are thunderstorms, tornadoes, waterspouts, and cyclones.	Like storms and hurricanes, storms, wet, heavy rains, and wildfires are part and effect of extreme weather.	Like storms and boulders, thunderstorms, heavy rainfall and forest fires are part and effect of extreme weather.
16976841982852749134.wav	Fellow wrestlers also paid tribute to Luna.	Luna was also honoured by fellow wrestlers.	The wrestlers also paid tribute to Luna.
14211299707514072668.wav	The announcement was made after Trump had a phone conversation with Turkish President Recep Tayyip Erdoğan.	The announcement was made after Trump's phone conversation with Turkish President Recep Tayyip Erdogan.	The announcement was made after Trump's phone conversation with Turkish President Rajab Tayyak Erdoğan.
2129043417079181978.wav	Several large television screens were installed in various places in Rome to let the people watch the ceremony.	Several large television screens were installed in different places in Rome so that people could watch the ceremony.	Many large television screens were installed in different places in Rome so that people could watch the ceremony.
1137772989789278397.wav	The city is in stark contrast to the rest of the country's cities, because it has more of an Arabic flair than of an African.	This city is different from the rest of the country because it looks like an Arab city rather than an African city.	This city is different from the rest of the country because it looks like an Arab city rather than an African city.
11923218739051303470.wav	Women: It is recommended that any women travellers say that they are married, regardless of actual marital status.	Women: It is recommended that any female traveler, despite her actual marital status, say that she is married.	Women are advised that any female traveler, despite their actual marital status, declares that she is married.
13003185437122223029.wav	However, these plans were rendered obsolete nearly overnight, when over 800,000 soldiers from the Soviet's Union Red Army entered and created the Belarussian and Ukrainian fronts after invading the eastern regions of Poland in violation of the Riga Peace Treaty, the Soviet-Polish Non-Aggression Pact, and other international treaties, both bilateral and multilateral.	However, these plans were made almost overnight when more than 800,000 Soviet Union Red Army soldiers entered the eastern territories of Poland after invading and setting up the Belarusian and Ukrainian fronts. They did so in violation of the Riga Peace Treaty, the Soviet - Polish Non - Aggression Pact and other international treaties, both bilateral and multilateral.	However, these plans were made almost overnight when more than eight million soldiers of the Soviet Union's Red Army entered the eastern territories of Poland after invading and setting up the Belarusian and Ukrainian fronts. This was in violation of the Riga Peace Treaty, the Soviet Polish Non-Immigration Pact and other international treaties, both bilateral and multilateral.
8920059957255554825.wav	For example, the most common still image photography format in the world is 35mm, which was the dominant film size at the close of the analog film era.	For example, the most widely used photography format in the world is 35mm. This analogue was quite popular at the end of the film era.	For example, the most widely used photography format in the world is 35 mm. This was quite popular in the late analog film era.
9978005649235188652.wav	Rip currents are the returning flow from waves breaking off the beach, often at a reef or similar.	Rift currents are the flow of waves back and forth along the beach, often on a rock or similar material.	Rift currents are waves that flow back and forth along the coast, often on a rock or similar material.
12193749519479711646.wav	The Sundarbans are the largest littoral mangrove belt in the world, stretching 80 km (50 mi) into the Bangladeshi and Indian hinterland from the coast.	Sundarbans is the largest coastal mangrove region in the world, stretching 80 km (50 mi) from the coast to the mountainous region of Bangladesh and India.	Sundarbans is the largest coastal mangrove region in the world that stretches for eighty kilometers and fifty miles from coast to coast in the mountainous region of Bangladesh and India.
1765177987567043565.wav	After the accident occurred, Gibson was transported to a hospital but died shortly afterwards.	After the accident, Gibson was taken to the hospital but died shortly thereafter.	After the accident, Gipson was taken to the hospital but died shortly thereafter.
6559956825323097558.wav	Mass car ownership also leads to a higher incidence of accidents on the roads, which leads to the invention of new techniques in healthcare for repairing damaged bodies.	The high number of accidents on the roads is due to excessive car ownership, which has led to the invention of new technologies in healthcare to repair breakdowns in the body.	More road accidents are caused by too many car owners, which has led to the invention of new technologies in health care to repair broken feet in the body.
9144832777583634056.wav	Just like the moon exerts a pull on the earth, causing tides, so does the Milky Way exert a force on the Sagittarius galaxy.	Just as the moon creates a stretch on the Earth, causing tidal waves, so the Milky Way also imposes a force on the Milky Way.	Just as the moon creates a stretch on Earth, causing the tides to divide, so the Milky Way forces the Milky Way's bow galaxy.
7656274658476103913.wav	This sediment was necessary for creating sandbars and beaches, which served as wildlife habitats.	Mud was needed to create sand and beaches that served as wildlife habitats.	Mud was needed to create sand and beaches that functioned as wildlife habitats.
15100264608554334458.wav	The U.S. Corps of Engineers estimated that 6 inches of rainfall could breach the previously damaged levees.	U.S. The Corps of Engineers estimated that 6 inches of rain could break damages already damaged.	The U.S. Corps of Engineers estimated that six inches of rain could break down pre-damaged barriers.
3550122948577909974.wav	It has brought us the train, the car, and many other transportation devices.	It has given us trains, cars and many other similar means of transportation.	It has given us the means of transportation of train cars and many other similar vehicles.
1078154098564425938.wav	The hot chocolate is up to Belgian standards. Fruit juices are pricey but excellent.	Hot chocolate is made to Belgian standards. Fruit juice is expensive but very good.	Hot chocolate is made to Belgian standards. Fruit juice is expensive but very good.
8544409497998775656.wav	As a result, two fish species have become extinct, and two others have become endangered, including the humpback chub.	As a result, two fish species have become extinct and two others are endangered, including the humpback chub.	This has caused two species of fish to become extinct and two other species to become endangered, including the bagpipe.
10590937942465254187.wav	Severe weather is the generic term for any dangerous weather phenomenon with the potential to cause damage, serious social disruption, or loss of human life.	Severe weather is the classification term for any dangerous seasonal event with the possibility of loss, serious social disturbance, or loss of human life.	Severe weather is the classification term for any dangerous seasonal event in which damage is likely to cause serious social disturbance or loss of human life.
3483277461911437185.wav	Other subjects on the agenda in Bali include saving the world's remaining forests, and sharing technologies to help developing nations grow in less-polluting ways.	Other themes of this agenda in Bali include the theme of saving the world's remaining forests, and exchanging technologies to help developing countries move forward in less polluting ways.	Other topics of this agenda in Bali include the theme of saving the world's remaining forests and exchanging technologies to help developing countries move forward in less polluting ways.
17173502838497689842.wav	The Sundarbans has been declared a UNESCO World Heritage Site. The part of the forest within Indian territory is called Sundarbans National Park.	Sundarbans has been declared a World Heritage Site by UNESCO. The part of the forest that is in India is called Sundarbans National Park.	Sundarbans has been declared a World Heritage Site by UNESCO. The part of the forest that is in India is called Sundarbans National Park.
6452456317001922868.wav	The governor's office said nineteen of the injured were police officers.	The Governor's Office reported that nineteen of the wounded were police officers.	The Governor's Office reported that nineteen of the wounded were police officers.
8964796570309917802.wav	Aristotle, a philosopher, theorised that everything is made up of a mixture of one or more of four elements. They were earth, water, air, and fire.	Aristotle, a philosopher, proved that everything is made of a mixture of one or four elements. They were earth, water, air and fire.	Aristotle, a philosopher, proved that everything is made up of a mixture of one or four elements: Earth climate and fire.
9302569386213899016.wav	As light pollution in their heyday was not the kind of problem it is today, they are usually located in cities or at campuses, easier to reach than those built in modern times.	Since light pollution was not a problem as it is today in their early days, they are usually located in cities or in premises where it is easier to reach than places built in modern times.	Since light pollution was not a problem as it is today in their early days, they are usually located in cities or neighborhoods where it is easier to reach than places built in modern times.
16073466278877359928.wav	Although AI has a strong connotation of science fiction, AI forms a very important branch of computer science, dealing with behavior, learning and intelligent adaptation in a machine.	Although AI has a strong sense of science fiction, AI forms a very important branch of computer science, including behavior management, machine learning and intelligent adaptation.	Although AI has a strong sense of science fiction, it forms a very important branch of computer science that deals with behavior, including machine learning and intelligent adaptation.
2588226543601176326.wav	Their thermal behavior is not as steady as large caves on Earth that often maintain a fairly constant temperature, but it is consistent with these being deep holes in the ground,\" said Glen Cushing of the United States Geological Survey (USGS) Astrogeology Team and of Northern Arizona University located in Flagstaff, Arizona.	Their thermal behavior is not as stable as Earth's large caves that often maintain fairly steady temperatures, but it is consistent with these deep holes in the ground, according to the United States Geological Survey (USGS) geological team and Northern Arizona University in Flagstaff, Arizona. K. Glenn Cushing said.	Their thermal behavior is not the same as that of the Earth's large caves, which often maintain high temperatures, but it's consistent with these deep holes in the ground, the United States Geological Survey's geological team and flag staff at Northern Arizona University in Arizona. K. Glenn Cushing said
13327907168028106279.wav	The harbor was the site of an infamous naval standoff in 1889 when seven ships from Germany, the US, and Britain refused to leave the harbor.	In 1889, the port was the site of infamous naval standoff when seven ships from Germany, the United States and Britain refused to leave.	In 1800, the port was the site of a famous naval blockade. At the time, seven ships of the United States and Britain had refused to leave the port.
436068764837767002.wav	The moisture on your hands will react with the outer layers, which will feel funny and form a sort of shell.	The moisture in your hands will interact with the outer layers, which will make you feel strange and create a kind of cover.	The moisture in your hands will interact with the outer layers that will make you feel strange and create a kind of cover.
11420171604929754563.wav	More traditional churches often hold an Easter Vigil on Saturday night during the Easter weekend, with the congregations often breaking into celebration at the stroke of midnight to celebrate Christ's resurrection.	In more traditional churches, Easter Vigil is held on Saturday nights during the Easter weekend, with people beginning to celebrate at midnight to celebrate the rebirth of Christ.	In more traditional churches, Easter Vigil is held on Saturday nights during the Easter week, with people beginning to celebrate at midnight to celebrate the rebirth of Christ.
6366339989033236126.wav	The debate was sparked by controversy over spending on relief and reconstruction in the wake Hurricane Katrina; which some fiscal conservatives have humorously labeled \"Bush's New Orleans Deal.\"	A long-running dispute over relief and reconstruction in the aftermath of Hurricane Katrina was sparked, with some fiscal conservatives mocking Bush's New Orleans deal.	In the aftermath of Hurricane Katrina, a long-running dispute over relief and full reconstruction erupted in which some fiscal conservatives mocked Bush's New Orleans Steel.
5393581790967994378.wav	Its long jaws were studded with more than 70 razor-sharp teeth, along with an extra set in the roof of its mouth, meaning that there was no escape for anything that crossed its path.	It had an extra set in the mouthpiece and a long jaw full of more than 70 razor-like pointed teeth, meaning there was no defense to anything passing through it.	It had an extra set in the mouthpiece and more than seventy razor-like pointed teeth on its long jaws, which meant there was no defense to anything passing through it.
16442018171315945493.wav	By 1976, thirty percent of Machu Picchu had been restored and restoration continues till today.	By 1976 thirty percent of Machu Picchu had been restored and restoration work continues to this day.	By the year one thousand nine hundred and seventy-six, thirty percent of Machu Picchu had been restored and the restoration work continues to this day.
3571969712948146868.wav	Most of the buildings on the edges of the complex have been rebuilt in order to give tourists a better idea of how they originally appeared.	Most of the buildings on the edge of the complex have been rebuilt to give visitors a better idea of what they originally looked like.	Most of the buildings on the edge of the complex have been rebuilt to give visitors a better idea of what they originally looked like.
5436463601286048302.wav	The other nominations include Best Picture, Director, Cinematography, Costume Design, Film-editing, Original Score, Production Design, Sound Editing, Sound Mixing and Original Screenplay.	Other nominations include Best Picture, Director, Cinematography, Costume Design, Film - Editing, Original Score, Production Design, Sound Editing, Sound Mixing and Original Screenplay.	Other nominations include Best Picture Director Cinematography Costume Design Film Editing Original Score Production Design Sound Editing Sound Mixing and Original Screen Play
16573110632965818241.wav	Most modern research telescopes are enormous facilities in remote areas with favorable atmospheric conditions.	Most modern research telescopes have many facilities to operate in remote areas with favorable atmospheric conditions.	Most modern research telescopes have many facilities to operate in remote areas with favorable atmospheric conditions.
15660374982077402071.wav	The city is also the base to climb the Nyiragongo volcano along with some of the cheapest Mountain Gorilla tracking in Africa.	The city is also home to some of Africa's cheapest mountain gorilla treks and the base for climbing the Nairagongo Volcano.	The city is home to some of Africa's cheapest mountain gorilla tracking as well as a base for climbing the Naira Gongo Volcano.
12512559449321338479.wav	No tsunami warning has been issued, and according to the Jakarta geophysics agency, no tsunami warning will be issued because the quake did not meet the magnitude 6.5 requirement.	No tsunami warning has been issued, and according to the Jakarta Geophysical Agency, no tsunami warning will be issued as the earthquake did not meet the 6.5 requirement.	No tsunami warning has been issued and according to the Jakarta Geophysical Agency no tsunami warning will be issued as the earthquake did not meet the requirement of six-point-five.
6892699137407228570.wav	In many other cities of Italy and in the rest of the world, particularly in Poland, similar setups were made, which were viewed by a great number of people.	In many other cities in Italy and the rest of the world, especially in Poland, similar setups were made, which were seen by a large number of people.	In many other cities in Italy and the rest of the world, especially in Poland, such setups were made that a large number of people came to see.
10359991159058879218.wav	MS is a disease that affects the central nervous system, which is made up of the brain, the spinal cord and the optic nerve.	MS affects the central nervous system, including the brain, spinal cord, and optic nerves.	MS affects the central nervous system including the brain's spinal cord and optic nerves.
12503699152033832615.wav	The tenth named storm of the Atlantic Hurricane season, Subtropical Storm Jerry, formed in the Atlantic Ocean today.	The tenth Atlantic hurricane of the season, subtropical hurricane Jerry, formed today in the Atlantic Ocean.	The tenth tropical cyclone of the Atlantic hurricane season, Tropical Storm Jerry has formed in the Atlantic Ocean today.
8830093559754179628.wav	Today, the only insects that cannot fold back their wings are dragon flies and mayflies.	Currently, the only insects that can't turn their wings back are dragonflies and meflies.	Currently, the only insects that can't turn their wings back are dragonflies and maples.
9699687672328404855.wav	Remember that even though music on the main stages may have finished, there may be sections of the festival that will keep playing music until late into the night.	Remember that even after the music on the main stage stops, some parts of the festival will continue to play music until late at night.	Remember that even after the music on the main stage stops, some parts of the festival will continue to play music until late at night.
1908329718103862127.wav	However, the percentage of XDR-TB in the entire group of people with tuberculosis still seems to be low; 6,000 of the total 330,000 people infected at any particular moment in South Africa.	However, the percentage of XDR - TB in the entire group of people with tuberculosis is still low; 6,000 out of a total of 330,000 people infected at any particular time in South Africa.	However, the percentage of people with XDRTB in the entire group of people with tuberculosis is still low, with 6,000 out of a total of 3.30 thousand people infected at any given time in South Africa.
10582204498174558997.wav	A well rounded athlete, the tiger can climb (though not well), swim, leap great distances and pull with five times the force of a strong human.	Like a fully developed athlete, a tiger can climb (though not well), swim, jump long distances and pull with five times the force of a powerful human.	Like a fully developed athlete, a tiger can climb but not swim well can jump long distances and pull with the five powers of a powerful human.
5950668010832719037.wav	Middle order batsmen, Sachin Tendulkar and Rahul Dravid, performed well and made a hundred-run partnership.	Midfielders Sachin Tendulkar and Rahul Dravid performed well and formed a century partnership.	Midfielders Sachin Tendulkar and Rahul Dravid performed well and formed a satellite partnership.
11845204635878039304.wav	One of the most common methods used to illustrate the importance of socialization is to draw upon the few unfortunate cases of children who were, through neglect, misfortune, or wilful abuse, not socialized by adults while they were growing up.	Some of the most common methods used to illustrate the importance of socialization are to draw on the unfortunate cases of children, not neglected by adults as they grow up, but through neglect, misfortune or abuse.	Some of the most common methods used to illustrate the importance of socialization are to draw on the unfortunate cases of children that were not neglected by adults as they grew up but neglected through misfortune or abuse.
8221165074366964434.wav	On the other hand, icy and snowy conditions are normal in many countries, and traffic goes on mostly uninterrupted all year round.	On the other hand, cold and snowy conditions are common in many countries, and traffic flows almost uninterrupted throughout the year.	On the other hand, in many countries it is common to have cold and snowy conditions and traffic is mostly uninterrupted throughout the year.
12919174378536885221.wav	It is related to but usually not involving alpine style ski touring or mountaineering, the latter ones done in steep terrain and requiring much stiffer skis and boots.	This is relevant, but generally does not involve alpine-style ski touring or mountaineering, which is done in standing areas and which requires very hard skiing and boots.	It is related but usually does not involve touring or marching an alpine cell which is done in standing areas that require very steep skiing and looting.
1236616481434986.wav	While he was working at the hospital Liggins began to investigate premature labor during his spare time.	While working at the hospital, Liggins began preterm labor during her free time.	While working at the hospital, Liggins began preterm labor during her free time.
6412098882560291653.wav	The ruling party, South West Africa People's Organisation (SWAPO), also retained a majority in the parliamentary elections.	The ruling party South West Africa People 's Organisation (SWAPO) won a majority in the parliamentary election.	The ruling party, the South West Africa People 's Organization (SAOPA), won a majority in the parliamentary election.
11871977786251235384.wav	A simple popular dinner, especially during the summer, is the Pa amb Oli: Bread with olive oil, tomato, and any available condiments such as cheese, tunafish, etc.	A common popular dinner, especially in the summer season, is Pa Ambe Oli: olive oil with bread, tomatoes, and any other interesting ingredients available such as cheese, tuna fish, etc.	A common popular dinner, especially in the summer season, is Pa Ambeoli with bread, olive oil tomatoes and any other available interesting ingredients such as cheese tuna fish etc.
11679504829817040349.wav	Hong Kong Island gives the territory of Hong Kong its name and is the place that many tourists regard as the main focus.	Hong Kong Island gives its name to the territory of Hong Kong and it is the place that many tourists consider a focal point.	The island of Hong Kong gives its name to the territory of Hong Kong, and it is a place that many tourists consider a focal point.
11816700057964730502.wav	Ancient cultures and tribes began to keep them for easy access to milk, hair, meat, and skins.	Ancient cultures and tribes began to keep milk, hair, meat and leather within easy reach.	Ancient cultures and tribes began to keep milk hair meat and leather within easy reach.
3588621217293213129.wav	Beyond Wednesday's event, Carpanedo competed in two individual races at the Championships.	After Wednesday's event, Carpanedo took part in two individual races in the championship.	After Wednesday's event, Carpanedo took part in two individual races in the championship.
13109433266350566952.wav	Segregation and recombination shuffle variation back and forth between the two pools with each generation.	The isolation and recombination variation continues back and forth between the two pools with each generation.	Separation and recombination variations continue to go back and forth between two bridges with each generation.
3618823038400295274.wav	Mosasaurus was the apex predator of its time, so it feared nothing, except other mosasaurs.	Mosesorus was the greatest hunter of his time, so he was afraid of none other than Mosesorus.	Moosaurus was the greatest hunter of his time, so he was afraid of none other than other Moosaurus.
8807905552280255551.wav	In the north the region is bounded by the Sahel, and in the south and west by the Atlantic Ocean.	It is surrounded by the Sahel to the north and the Atlantic Ocean to the south and west.	It is bordered by the Sahil to the north and the Atlantic Ocean to the south and west.
7037862691881688112.wav	First, most riders wear riding boots with a heel and a smooth, quite narrow, sole.	First, most riders wear heels and smooth, fairly thin bottomed riding boots.	First, the right rider wears heels and a very thin bottom riding in one thing.
7742172348084742883.wav	Virtual teams are held to the same standards of excellence as conventional teams, but there are subtle differences.	Virtual teams are also held to the same standards of excellence as traditional teams, but they have subtle differences.	Virtual teams are held to the same standards of excellence as traditional teams but with subtle differences.
13033303492941325688.wav	At the other end of the spectrum, one morphs into an unrecognizable individual that feels he or she must change everything the team has been doing and make it their own.	On the other end of the spectrum, a person takes the form of an unknown person who thinks he should change everything in the team and make it his own.	On the other end of the spectrum, a person takes the form of a stranger who thinks he should change everything in the team and make it his own.
15102900664499962233.wav	In particular, it is claimed that one can detect whether a person is lying by interpreting micro-expressions correctly.	In particular, it is claimed that by correctly interpreting a person's subtle expressions it can explain whether he is lying or not.	In particular, it is claimed that by correctly interpreting a person's subtle expressions, he can explain whether or not he is lying.
6278824707754656238.wav	Due to the underwater topology the return flow is concentrated at a few deeper sections, and a fast current to deep water may form there.	Due to underwater topology, the return flow is concentrated in some deep sections and can flow rapidly from here into the deep water.	Underwater topology causes the return flow in some deep sections to decrease and from here can flow rapidly into the deep water.
3313037868833670407.wav	The number of people present was so large that it was not possible for everybody to gain access to the funeral in St. Peter's Square.	The crowd was so large that it was not possible for everyone to attend the funeral in St. Peter's Square.	The crowd was so large that it was not possible for everyone to attend the funeral in St. Peter's Square.
16715413603857130243.wav	The Internet combines elements of both mass and interpersonal communication.	The Internet combines elements of both people and interpersonal communication.	The Internet combines elements of both people and difference communication.
11847046500833945297.wav	The commission was Martelly's response to widespread anti-regime protests that started in October.	The commission was formed in response to the massive anti-government protests that began in October.	The commission was formed in response to the massive anti-government protests that began in October.
10907654079731428081.wav	If you only go ashore using shipboard excursions you will not need a separate visa (as of 2009).	If you go to shore using only a shipboard tour, you will not need a separate visa (until 2009).	If you go ashore using only a shipboard tour, you won't need a separate visa for two thousand nine.
10014385262415025488.wav	Greenland was settled sparsely. In the Norse sagas they say that Erik the Red was exiled from Iceland for murder, and when travelling further west, found Greenland and named it Greenland.	Greenland was occupied by very little space. In the Norse saga they say that Erik Red was exiled from Iceland for murder, and while traveling further west, he found Greenland which was named Greenland.	They say Eric Red was exiled from Iceland for murder and travelling further west found Greenland which was named Greenland.
10107687492910459268.wav	You may also wish to consult the advice of governments other than your own, but their advice is designed for their citizens.	Apart from your own government, you can consult the governments of other countries. However, their advice is given with their citizens in mind.	Apart from your own government, you can consult the governments of other countries, although their advice is given with their citizens in mind.
12150230149527456841.wav	The surface of the Moon is made of rocks and dust. The outer layer of the Moon is called the crust.	The surface of the moon is made of rocks and dust. The outer layer of the moon is called the crust.	The surface of the moon is made of rocks and dust. The outer layer of the moon is called the crust.
2217845736872453919.wav	The Schengen zone, however, works somewhat like one country in this respect.	However, the Schengen zone acts in this respect somewhat like a country.	However, Shenzhen John acts in this case somewhat like a country.
4814420618054513733.wav	Layton had asked for changes to the conservatives' environmental bill during the meeting with the PM, asking for a \"thorough and complete rewriting\" of the Conservative party's environmental bill.	Layton had called on the Conservative Party to amend the Environment Bill during his meeting with the PM. Now the Conservative Party is being asked to completely rewrite the Environment Bill.	Layton had asked the PM during his meeting for changes to the Conservative Party's environmental bill and now the Conservative Party's environmental bill is being asked to be completely rewritten.
18376328677533202391.wav	Plants look their best when in a natural environment, so resist the temptation to remove even \"just one\" specimen.	Plants look best in the natural environment, so avoid the temptation to remove only one sample.	Plants are the best performers in the natural environment, so stop the temptation to remove just one sample.
14978039177731417458.wav	The term bug is used by entomologists in a formal sense for this group of insects.	The term bug is used by entomologists as a formal term for this group of insects.	The term bug is used by entomologists as a formal term for this group of insects.
13717677002215321761.wav	Lions are the most social cats, living in large groups called prides.	Lions Pride are the largest social cats that live in large groups.	The Lion Pride is the largest group of social cats.
10128382631186456345.wav	People have known about basic chemical elements such as gold, silver, and copper from antiquity, as these can all be discovered in nature in native form and are relatively simple to mine with primitive tools.	Since ancient times, people have known only about chemical elements such as gold, silver, and copper, because they can be found in nature in their original form and are relatively easy to find through primary means.	Since ancient times, people have known only about chemical elements such as gold, silver, and copper because they can be found in nature in their original form and are relatively easy to find using primary equipment.
5714389874445148824.wav	However, that is not true. Although there is something written on the back of the document, it is not a treasure map.	However, this is not true. Although something is written on the back of the document, it is not a treasure map.	Although this is not true, although there is something written on the back of the document, it is not a treasure map.
1911894352301811711.wav	Oliver Sacks, in his paper The President's Speech, indicated how people who are unable to understand speech because of brain damage are nevertheless able to assess sincerity accurately.	Oliver Sacks, in his paper The President's Speech, pointed out how people who cannot understand speech due to brain damage can still properly assess honesty.	Oliver Sacks, in his paper The President's Speech, pointed out how people who don't understand speech because of mental impairment can still properly assess honesty.
16936969705720857872.wav	Thus, the pencil was a good friend to many people when it came out.	Thus, when the pencil came, it was a good friend to many people.	So when the pencil came, it was a good friend for many people.
11093493337058713150.wav	Professor Pamela Ferguson of the University of Dundee notes \"journalists do seem to be walking a dangerous line if publishing photos etc of suspects.\"	Pamela Ferguson, a professor at the University of Dundee, writes, \"If photos of suspects etc. are published, journalists start to take this dangerous path\".	Pamela Fugerson, a professor at the University of Dundee, writes that if photos of suspects etc. are published, journalists take this dangerous path.
5710197895832272669.wav	This offers a good opportunity to see the Aurora borealis, as the sky will be dark more or less around the clock.	This provides a good opportunity to see Aurora borealis, as it will be dark in the sky at that time.	This provides a good opportunity to see the Aurora Borealis because the sky will be dark at that time.
5801543979106966398.wav	Barcelona's official languages are Catalan and Spanish. About a half prefer to speak Catalan, a vast majority understands it, and virtually everyone knows Spanish.	The official languages of Barcelona are Catalan and Spanish. About half of the people prefer to speak Catalan, a very large population understands it, and almost everyone speaks Spanish.	The official languages of Barcelona are Catalan and Spanish. About half of the people prefer to speak Catalan. A very large population understands it and almost everyone knows Spanish.
5290354952340345069.wav	During the struggle for independence organised by the Mau movement, a peaceful gathering in the town resulted in the killing of the paramount chief Tupua Tamasese Lealofi III.	During the struggle for independence organized by the Mao movement, the head of the Tapu Tamasese Selofi III was assassinated in a peaceful assembly in the city.	During the struggle for independence organized by the Mao Movement, a peaceful gathering in Nagar was held in which the head of the Ta'pua Tamoose Selofi III was assassinated.
12975824759916659.wav	There are of course Christian theological explanations for this tradition, but it may well be a pre-Christian Spring and Fertility ritual.	Of course, there are explanations of Christian theology behind this tradition, but there may also be a pre - Christian spring and fertility ritual.	Of course, there are Christian theology explanations behind this tradition, but there may also be a pre-Christian spring and fertility rite.
494043310014297040.wav	As with all South African National Parks, there are daily conservation and entry fees for the park.	All South African national parks as well as the park charge a daily fee for conservation and entry.	All South African national parks, as well as the park, charge a daily fee for conservation and entry.
17757682103941428900.wav	Rolando Mendoza fired his M16 rifle at the tourists.	Rolando Mendoza fired his M16 rifle on tourists.	Poland's Roza supported tourists with its M16 rifle.
11550052516777641495.wav	For the Springboks, it ended a five-match losing streak.	For the Springboks, it ended a five-game losing streak.	For Spring Box, it ended the five-stage losing streak.
7743627188528988574.wav	Ancient China had a unique way of showing different time periods; each stage of China or each family that was in power was a distinctive dynasty.	Ancient China had a unique way of showing different time periods; every stage of China or every family that was in power had a distinct dynasty.	In ancient China, there was a unique way to show different time periods. Each stage of China, or every family that was in power, was a particular dynasty.
17128578979826969798.wav	It also attacked anything that entered the water; even a giant dinosaur such as T. rex would be no match for it.	They attacked anything that went in the water, even T. Even a giant dinosaur like Rex won't have a match.	They attacked anything that went underwater, even giant carnivores like T. rex.
17538987337957377962.wav	His work is of such recognized quality and detail that he is one of the very few \"household names\" among philatelists. Some specialize in collecting his work alone.	His work is so characterized by quality and detail that he is one of the few household names amongst ticket collectors. Some are skilled at collecting their work alone.	His work is so characterized by quality and detail that he is one of the few household names among ticket collectors who specialize in distributing his work alone.
